sample,type,"fastq, GB","snp, total",MODIFIER,LOW,MODERATE,HIGH,"MODIFIER, %","LOW, %","MODERATE, %","HIGH, %","aln, %",>=1,>=3,>=5,">=1, %",">=3, %",">=5, %","LOW, % wo mod","MODERATE, % wo mod","HIGH, % wo mod","snp, >=5","MODIFIER, >=5","LOW, >=5","MODERATE, >=5","HIGH, >=5","MODIFIER, %, >=5","LOW, %, >=5","MODERATE, %, >=5","HIGH, %, >=5","het, full","hom, full","het/hom, full", A -> C,A -> G,A -> T,C -> A,C -> G,C -> T,G -> A,G -> C,G -> T,T -> A,T -> C,T -> G,"snp, total, filt","MODIFIER, filt","LOW, filt","MODERATE, filt","HIGH, filt","MODIFIER, filt, %","LOW, filt, %","MODERATE, filt, %","HIGH, filt, %",filt het,filt hom,filt het/hom,gatk pass MQ40,"gatk pass MQ40, %",gatk pass MQ30,"gatk pass MQ30, %"
HG00121,modern,13,1034246,1025774,4955,3351,166,99.18085252,0.479092982,0.324004154,0.01605034,94.4,2263405906,698581528,107862700,75.44686353,23.28605093,3.595423333,58.48677998,39.55382436,1.959395656,138202,137008,693,477,24,99.13604724,0.501439921,0.345146959,0.017365885,245489,788713,0.311252636,4.25,16.82,3.57,4.21,4.37,16.71,16.72,4.39,4.23,3.56,16.91,4.25,688456,683040,3043,2274,99,99.21331211,0.442003556,0.330304333,0.014380004,159344,529061,0.301182661,2082,0.201306072,1015687,98.20555264
HG00099,modern,18,1423983,1412358,6790,4577,258,99.18362789,0.476831535,0.321422377,0.018118194,94.37,2389454835,1041988456,268786844,79.6484945,34.73294853,8.959561467,58.40860215,39.37204301,2.219354839,324974,322112,1661,1137,64,99.11931416,0.511117813,0.349874144,0.019693883,443114,980773,0.451800773,4.14,16.92,3.41,4.18,4.42,16.89,16.83,4.41,4.19,3.42,17.01,4.19,943834,936551,4089,3035,159,99.22836007,0.433232963,0.321560783,0.016846183,284089,659647,0.430668221,2764,0.194103441,1387846,97.46225903
HG00114,modern,7.5,427171,425195,1164,767,45,99.53742178,0.272490408,0.179553387,0.010534423,86.05,1609503691,249936660,25326642,53.65012303,8.331222,0.8442214,58.90688259,38.81578947,2.277327935,36518,36420,59,37,2,99.73163919,0.16156416,0.101319897,0.005476751,65146,361999,0.179961823,4.33,16.81,3.96,4.32,4.19,16.42,16.35,4.13,4.37,3.93,16.82,4.39,287225,285930,732,527,36,99.54913395,0.254852468,0.18347985,0.012533728,44315,242883,0.182454103,986,0.230820912,413774,96.86378523
HG00119,modern,3.7,125390,124367,610,386,27,99.18414547,0.486482176,0.307839541,0.021532818,82.96,900703957,31761109,1708542,30.02346523,1.058703633,0.0569514,59.6285435,37.73216031,2.639296188,4960,4941,13,6,0,99.61693548,0.262096774,0.120967742,0,12599,112781,0.111712079,4.34,16.45,4.1,4.45,4.24,16.44,16.45,4.29,4.42,3.98,16.49,4.36,84157,83525,366,248,18,99.24902266,0.434901434,0.294687311,0.021388595,8658,75488,0.114693726,287,0.228885876,124788,99.51989792
HG00126,modern,5.2,308620,305810,1665,1087,58,99.08949517,0.539498412,0.352213078,0.018793338,94.74,1371027009,107887386,5312868,45.7009003,3.5962462,0.1770956,59.25266904,38.68327402,2.06405694,14041,13965,33,39,4,99.45872801,0.235025995,0.277757994,0.028487999,41543,267056,0.155559134,4.38,17.18,3.38,4.12,4.54,16.31,16.32,4.52,4.16,3.44,17.33,4.32,207911,206090,1043,740,38,99.12414447,0.501656959,0.355921524,0.018277051,27364,180526,0.151579274,614,0.198950165,306723,99.38532824
HG00136,modern,8.1,483355,480796,1465,1027,67,99.47057546,0.303089861,0.212473234,0.013861448,85.07,1727398412,266453244,22945174,57.57994707,8.8817748,0.764839133,57.24892536,40.1328644,2.618210238,34967,34831,60,69,7,99.61106186,0.171590357,0.19732891,0.020018875,79289,404037,0.196241928,4.34,16.41,4.02,4.48,4.13,16.63,16.55,4.04,4.42,4.02,16.6,4.35,322974,321309,913,706,46,99.48447863,0.282685294,0.218593447,0.014242633,53282,269660,0.197589557,1027,0.212473234,477719,98.8339833
HG00154,modern,7.7,342213,340394,1065,701,53,99.4684597,0.311209685,0.204843182,0.01548743,82.31,1582131915,192052275,13253747,52.7377305,6.4017425,0.441791567,58.54865311,38.53765805,2.91368884,22178,22102,41,31,4,99.65731806,0.184867887,0.139778159,0.018035891,49243,292946,0.168095827,4.38,16.38,4.11,4.45,4.08,16.54,16.62,4.09,4.47,4.15,16.38,4.35,228761,227595,658,478,30,99.49029773,0.287636442,0.208951701,0.013114123,33404,195333,0.171010531,957,0.279650393,339316,99.15345121
HG00171,modern,2.7,132382,131676,407,278,21,99.46669487,0.30744361,0.209998338,0.015863184,91.27,793844316,36872053,1957506,26.4614772,1.229068433,0.0652502,57.64872521,39.37677054,2.974504249,5177,5166,4,5,2,99.78752173,0.077264825,0.096581031,0.038632413,11179,121191,0.092242823,4.47,16.63,4.07,4.72,4.2,15.85,16.05,4.21,4.76,4.09,16.53,4.43,90158,89694,247,204,13,99.48534794,0.273963486,0.226269438,0.014419131,7850,82296,0.095387382,165,0.124639301,130615,98.66522639
HG00234,modern,27,1937337,1922177,8807,5987,366,99.21748255,0.454593083,0.30903245,0.018891912,92.19,2632853622,1677414417,728391932,87.7617874,55.9138139,24.27973107,58.09366755,39.49208443,2.414248021,815880,808758,4091,2880,150,99.12707751,0.501421778,0.352993087,0.018385057,731520,1205678,0.60672916,4.12,16.76,3.48,4.21,4.41,16.96,16.99,4.38,4.25,3.47,16.83,4.14,1279676,1270224,5292,3949,211,99.26137554,0.413542178,0.308593738,0.016488549,467780,811753,0.576259034,3497,0.180505508,1871159,96.58407391
HG00239,modern,7.9,466052,464181,1063,757,51,99.59854265,0.228086136,0.162428227,0.010942985,84.09,1593285087,283943367,38113270,53.1095029,9.4647789,1.270442333,56.81453768,40.45964725,2.725815072,54948,54808,64,70,6,99.74521366,0.116473757,0.127393172,0.010919415,92903,373118,0.248990936,4.33,16.41,4.06,4.37,4,16.68,16.71,4.04,4.45,4,16.57,4.38,310477,309294,637,515,31,99.61897339,0.205168177,0.165873801,0.009984637,62349,248094,0.251312003,1086,0.233021208,444098,95.28936685
VK20,ancient,4.3,243840,240663,1690,1371,116,98.69709646,0.693077428,0.562253937,0.047572178,99.76,1144003917,62351410,1655449,38.1334639,2.078380333,0.055181633,53.1948379,43.15391879,3.651243311,5499,5398,45,52,4,98.16330242,0.818330606,0.945626478,0.072740498,43625,200205,0.217901651,3.32,14.34,2.67,3.25,3.71,22.71,22.78,3.59,3.29,2.61,14.32,3.41,132911,131588,741,558,24,99.00459706,0.557515932,0.419829811,0.018057196,14324,118577,0.120799143,225,0.092273622,243205,99.73958333
VK34,ancient,11,869822,859148,5666,4642,366,98.77285238,0.651397642,0.533672407,0.042077574,99.88,1968824163,444011419,45078098,65.6274721,14.80038063,1.502603267,53.08225595,43.48885141,3.428892636,73842,72479,650,653,60,98.15416701,0.880257848,0.884320576,0.081254571,257805,612004,0.421247247,3.5,14.29,3,3.59,3.62,21.96,22.01,3.63,3.59,3.02,14.3,3.5,487323,482743,2561,1928,91,99.06017159,0.525524139,0.395630824,0.018673447,100207,387103,0.25886392,1011,0.116230677,862802,99.19293833
VK40,ancient,18,1931950,1890429,20424,19191,1906,97.8508243,1.057170217,0.993348689,0.098656798,99.86,2048565136,934661609,354139599,68.28550453,31.15538697,11.8046533,49.18956673,46.21998507,4.590448207,768720,743409,12193,11944,1174,96.7073837,1.586143199,1.553751691,0.152721407,1104388,827507,1.334596565,2.54,10.93,1.68,2.41,3.02,29.38,29.43,3.02,2.42,1.67,10.97,2.53,795706,785352,5824,4345,185,98.69876562,0.731928627,0.546055955,0.023249793,272304,523347,0.520312527,918,0.047516758,1907800,98.74996765
VK53,ancient,8.3,725920,700312,12719,11845,1044,96.47233855,1.752121446,1.631722504,0.143817501,99.98,1209989229,325869944,85488527,40.3329743,10.86233147,2.849617567,49.66807248,46.25507654,4.076850984,191477,179703,5623,5628,523,93.8509586,2.936645132,2.939256412,0.273139855,361910,364001,0.99425551,2.52,11.85,1.41,2.22,3.3,28.7,28.78,3.3,2.2,1.41,11.8,2.5,308651,302279,3583,2691,98,97.93553237,1.160858057,0.871858507,0.031751072,80624,228018,0.35358612,161,0.022178752,719562,99.12414591
VK63,ancient,7.4,677850,659898,8536,8539,877,97.35162647,1.259275651,1.259718227,0.129379656,99.84,1468684751,220566143,21493333,48.95615837,7.352204767,0.716444433,47.54901961,47.56573084,4.885249554,69897,66362,1599,1748,188,94.94255834,2.287651831,2.500822639,0.268967195,291759,386086,0.755683967,2.19,9.44,1.46,2.02,2.55,32.25,32.44,2.54,2.02,1.46,9.49,2.15,239331,235782,2021,1455,73,98.51711646,0.844437202,0.607944646,0.03050169,42700,196626,0.217163549,282,0.041602124,675499,99.65316811
VK84,ancient,11,1114227,1095112,9252,8885,978,98.28446089,0.830351445,0.797413812,0.087773856,99.83,1922169503,438896096,49721360,64.07231677,14.62986987,1.657378667,48.40177871,46.48182056,5.116400732,138541,134917,1597,1823,204,97.38416786,1.152727351,1.315855956,0.147248829,502644,611574,0.821885822,2.39,9.84,1.98,2.5,2.61,30.66,30.69,2.61,2.5,2,9.87,2.36,430635,426252,2461,1836,86,98.9822007,0.571481649,0.426347139,0.019970509,96862,333764,0.290211047,828,0.074311608,1107663,99.41089204
VK110,ancient,16,1587157,1567271,10222,8758,906,98.74706787,0.644044666,0.551804264,0.0570832,99.69,2300202692,902232416,185670857,76.67342307,30.07441387,6.189028567,51.40299708,44.04103389,4.555969023,315823,310682,2434,2417,290,98.37218949,0.770684846,0.765302084,0.091823585,668869,918261,0.728408372,3.16,12.78,2.78,3.42,3.23,24.55,24.6,3.26,3.45,2.8,12.82,3.16,807151,800467,3789,2764,131,99.17190216,0.469428892,0.342439023,0.016229925,226404,580720,0.38986775,2007,0.126452519,1567558,98.76515052
VK122,ancient,12,951674,942397,5127,3861,289,99.0251914,0.538734903,0.405706156,0.030367542,99.91,2057943655,530044899,61083673,68.59812183,17.6681633,2.036122433,55.2657109,41.61905789,3.115231217,88769,87741,551,433,44,98.84193806,0.620712186,0.487782897,0.049566853,267666,684000,0.391324561,3.74,15.05,3.14,3.85,3.86,20.35,20.36,3.86,3.88,3.11,15.06,3.73,564234,559782,2540,1826,86,99.21096566,0.450167838,0.323624595,0.015241903,122324,441902,0.276812506,1216,0.127774847,942226,99.00722306
VK128,ancient,13,1127444,1117676,5344,4056,368,99.13361551,0.4739925,0.359751793,0.032640202,99.86,2177261599,666187995,92331846,72.57538663,22.2062665,3.0777282,54.70925471,41.52334152,3.767403767,130729,129593,584,501,51,99.13102678,0.446725669,0.383235548,0.039012002,350051,777379,0.450296445,3.68,14.65,3.28,3.84,3.71,20.79,20.85,3.74,3.86,3.25,14.68,3.66,658014,653385,2642,1875,112,99.29651953,0.401511214,0.284948345,0.017020914,157761,500239,0.315371253,1709,0.151581808,1114714,98.87089736
VK145,ancient,10,1037275,1018959,9059,8341,916,98.23421947,0.873346027,0.804126196,0.088308308,99.92,1888619765,388450330,38647338,62.95399217,12.94834433,1.2882446,49.45948897,45.53941909,5.001091941,106752,102985,1761,1826,180,96.47126049,1.649617806,1.710506595,0.168615108,435768,601492,0.724478464,2.43,10.08,2.03,2.51,2.6,30.31,30.44,2.62,2.49,2.02,10.07,2.42,407185,402488,2713,1895,89,98.84647028,0.666281911,0.465390424,0.021857387,82100,325070,0.252560987,795,0.076643127,1032154,99.50630257
HG00121,modern_sub,13,1068527,1058775,5650,3902,200,99.08734173,0.5287653,0.365175611,0.018717356,91.71,,,,,,,,,,,,,,,,,,,,,,,,,,,,,,,,,,,,,,,,,,,,,,,0,,
HG00136,modern_sub,12,1067175,1057010,6043,3938,184,99.04748518,0.566261391,0.369011643,0.017241783,92.3,,,,,,,,,,,,,,,,,,,,,,,,,,,,,,,,,,,,,,,,,,,,,,,0,,
HG00171,modern_sub,13,1063186,1053588,5671,3725,202,99.09724169,0.53339679,0.350362025,0.018999498,90.52,,,,,,,,,,,,,,,,,,,,,,,,,,,,,,,,,,,,,,,,,,,,,,,0,,
HG00121,modern_sub_f,5.2,,,,,,,,,,,,,,,,,,,,,,,,,,,,,,,,,,,,,,,,,,,,,,,,,,,,,,,,,#DIV/0!,,
HG00136,modern_sub_f,5.1,,,,,,,,,,,,,,,,,,,,,,,,,,,,,,,,,,,,,,,,,,,,,,,,,,,,,,,,,#DIV/0!,,
HG00171,modern_sub_f,5.3,,,,,,,,,,,,,,,,,,,,,,,,,,,,,,,,,,,,,,,,,,,,,,,,,,,,,,,,,#DIV/0!,,
VK20_c,ancient_cropped,3.7,133162,131508,894,706,54,98.75790391,0.671362701,0.530181283,0.040552109,-,-,-,-,-,-,-,-,-,-,-,-,-,-,-,-,-,-,-,17785,119400,0.148953099,3.7,15.98,2.93,3.49,4.11,19.82,19.93,3.97,3.59,2.83,15.86,3.79,80231,79375,468,368,20,98.93308073,0.583315676,0.458675574,0.02492802,4130,48244,0.0856065,-,-,-,-
VK34_c,ancient_cropped,9.3,467309,462294,2847,2046,122,98.92683428,0.609232863,0.437825935,0.026106923,-,-,-,-,-,-,-,-,-,-,-,-,-,-,-,-,-,-,-,83933,383371,0.21893414,4.05,16.6,3.39,3.96,4.17,17.81,17.8,4.16,3.97,3.4,16.63,4.05,300903,297934,1671,1233,65,99.01330329,0.555328461,0.409766603,0.021601646,29222,163958,0.178228571,-,-,-,-
VK40_c,ancient_cropped,15,973977,954554,10324,8481,618,98.00580507,1.059983963,0.870759782,0.06345119,-,-,-,-,-,-,-,-,-,-,-,-,-,-,-,-,-,-,-,263401,451303,0.583645577,3.46,15.02,2.16,3.14,4.18,21.97,22.01,4.18,3.18,2.14,15.14,3.43,545654,540520,2876,2178,80,99.05911072,0.527073933,0.399154043,0.014661306,96516,264238,0.36526162,-,-,-,-
VK53_c,ancient_cropped,6.8,227512,220109,4025,3188,189,96.7461057,1.769137452,1.40124477,0.083072541,-,-,-,-,-,-,-,-,-,-,-,-,-,-,-,-,-,-,-,63526,163984,0.387391453,3.47,16.86,1.83,2.93,4.58,20.33,20.44,4.6,2.9,1.84,16.74,3.48,134751,132875,1067,783,26,98.60780254,0.791830858,0.581071755,0.019294848,15180,77085,0.196925472,-,-,-,-
VK63_c,ancient_cropped,6.2,226887,222004,2490,2185,208,97.84782733,1.097462614,0.963034462,0.091675592,-,-,-,-,-,-,-,-,-,-,-,-,-,-,-,-,-,-,-,55114,171771,0.320857421,2.96,12.78,2.05,2.71,3.43,25.89,26.09,3.38,2.71,2.03,12.98,2.97,108946,107318,949,650,29,98.50568171,0.871073743,0.596625851,0.026618692,8234,63682,0.129298703,-,-,-,-
VK84_c,ancient_cropped,9,489499,482422,3650,3133,294,98.55423607,0.745660359,0.640042166,0.06006141,-,-,-,-,-,-,-,-,-,-,-,-,-,-,-,-,-,-,-,141678,347818,0.407333721,3.11,12.8,2.5,3.04,3.33,25.23,25.24,3.32,3.07,2.51,12.82,3.05,242452,240013,1386,1003,50,98.99402768,0.571659545,0.413690132,0.020622639,24665,130886,0.188446434,-,-,-,-
VK110_c,ancient_cropped,14,895479,886903,4790,3514,272,99.04230027,0.53490925,0.392415679,0.030374805,-,-,-,-,-,-,-,-,-,-,-,-,-,-,-,-,-,-,-,205775,537699,0.382695523,3.85,15.5,3.34,3.89,3.87,19.47,19.51,3.9,3.95,3.35,15.54,3.84,546419,541925,2558,1855,81,99.17755422,0.468138919,0.339483071,0.014823789,74424,272380,0.27323592,-,-,-,-
VK122_c,ancient_cropped,10,589409,584030,3113,2132,134,99.08739093,0.52815617,0.361718264,0.022734638,-,-,-,-,-,-,-,-,-,-,-,-,-,-,-,-,-,-,-,116791,472613,0.247117621,4.02,16.32,3.36,4,4.14,18.19,18.14,4.13,4.06,3.3,16.29,4.06,375280,372280,1724,1220,56,99.20059689,0.459390322,0.325090599,0.014922191,40051,199766,0.200489573,-,-,-,-
VK128_c,ancient_cropped,11,731099,725228,3390,2309,172,99.19696238,0.463685493,0.3158259,0.023526226,-,-,-,-,-,-,-,-,-,-,-,-,-,-,-,-,-,-,-,164460,566634,0.290240261,4.01,15.88,3.54,4.02,4.02,18.46,18.56,4.04,4.08,3.51,15.9,3.98,460424,457129,1881,1333,81,99.28435529,0.408536479,0.289515751,0.01759248,55489,235271,0.235851422,-,-,-,-
VK145_c,ancient_cropped,8.5,457644,450723,3766,2928,227,98.48768912,0.822910384,0.639798621,0.049601874,-,-,-,-,-,-,-,-,-,-,-,-,-,-,-,-,-,-,-,112233,345408,0.32492878,3.4,14.13,2.79,3.33,3.62,22.71,22.79,3.66,3.3,2.75,14.16,3.36,24907,21840,1782,1237,48,,,,,23706,136668,0.173456844,-,-,-,-
,,,,,,,,,,,,,,,,,,,,,,,,,,,,,,,,,,,,,,,,,,,,,,,,,,,87.68619264,7.154615168,4.966475288,0.192716907,,,,,,,